{
    "Logistic Regression": {
        "accuracy": 0.6061036195883606,
        "precision": 0.5601023017902813,
        "recall": 0.3637873754152824,
        "f1": 0.44108761329305135,
        "roc_auc": 0.6265607825217058
    },
    "Random Forest": {
        "accuracy": 0.5684882895670689,
        "precision": 0.49242424242424243,
        "recall": 0.3239202657807309,
        "f1": 0.3907815631262525,
        "roc_auc": 0.5624210088634746
    },
    "XGBoost": {
        "accuracy": 0.5564229950319376,
        "precision": 0.4779270633397313,
        "recall": 0.41362126245847175,
        "f1": 0.44345503116651824,
        "roc_auc": 0.5486379560901908
    }
}